{"cameraMode":{"drawMode":0,"name":"Shaded","section":"Shading Mode"},"sceneLighting":true,"audioPlay":false,"sceneViewState":{"m_AlwaysRefresh":false,"showFog":true,"showSkybox":true,"showFlares":true,"showImageEffects":true,"showParticleSystems":true,"showVisualEffectGraphs":true,"m_FxEnabled":true},"in2DMode":false,"pivot":{"x":58.845279693603519,"y":3.2559192180633547,"z":-175.52310180664063},"rotation":{"x":0.10616308450698853,"y":-0.15535703301429749,"z":-0.016796808689832689,"w":-0.9820092916488648},"size":10.001562118530274,"orthographic":false}